symbol,contract_code,expiry_date,exchange,delivery_month
WTI,CLU25,2025-08-20,NYMEX,2025-09
Brent,BZU25,2025-07-31,ICE,2025-09
WTI,CLV25,2025-09-22,NYMEX,2025-10
Brent,BZV25,2025-08-29,ICE,2025-10
WTI,CLX25,2025-10-22,NYMEX,2025-11
Brent,BZX25,2025-09-30,ICE,2025-11
WTI,CLZ25,2025-11-20,NYMEX,2025-12
Brent,BZZ25,2025-10-31,ICE,2025-12
WTI,CLF26,2025-12-22,NYMEX,2026-01
Brent,BZF26,2025-11-28,ICE,2026-01
WTI,CLG26,2026-01-21,NYMEX,2026-02
Brent,BZG26,2025-12-31,ICE,2026-02
WTI,CLH26,2026-02-20,NYMEX,2026-03
Brent,BZH26,2026-01-30,ICE,2026-03
WTI,CLJ26,2026-03-20,NYMEX,2026-04
Brent,BZJ26,2026-02-27,ICE,2026-04
WTI,CLK26,2026-04-22,NYMEX,2026-05
Brent,BZK26,2026-03-31,ICE,2026-05
WTI,CLM26,2026-05-20,NYMEX,2026-06
Brent,BZM26,2026-04-30,ICE,2026-06
WTI,CLN26,2026-06-22,NYMEX,2026-07
Brent,BZN26,2026-05-29,ICE,2026-07
WTI,CLQ26,2026-07-22,NYMEX,2026-08
Brent,BZQ26,2026-06-30,ICE,2026-08
WTI,CLU26,2026-08-20,NYMEX,2026-09
Brent,BZU26,2026-07-31,ICE,2026-09
WTI,CLV26,2026-09-22,NYMEX,2026-10
Brent,BZV26,2026-08-31,ICE,2026-10
WTI,CLX26,2026-10-21,NYMEX,2026-11
Brent,BZX26,2026-09-30,ICE,2026-11
WTI,CLZ26,2026-11-20,NYMEX,2026-12
Brent,BZZ26,2026-10-30,ICE,2026-12
WTI,CLF27,2026-12-22,NYMEX,2027-01
Brent,BZF27,2026-11-30,ICE,2027-01
WTI,CLG27,2027-01-20,NYMEX,2027-02
Brent,BZG27,2026-12-31,ICE,2027-02
WTI,CLH27,2027-02-22,NYMEX,2027-03
Brent,BZH27,2027-01-29,ICE,2027-03
WTI,CLJ27,2027-03-22,NYMEX,2027-04
Brent,BZJ27,2027-02-26,ICE,2027-04
WTI,CLK27,2027-04-21,NYMEX,2027-05
Brent,BZK27,2027-03-31,ICE,2027-05
